Crop,Soil pH Min,Soil pH Max,Soil Temp Min (°C),Soil Temp Max (°C),Rainfall Min (mm/year),Rainfall Max (mm/year),Humidity Min (%),Humidity Max (%),Soil Type
Wheat,6.0,7.5,10,24,450,650,60,75,Loam
Wheat,6.0,7.5,8,22,400,600,55,70,Loam
Wheat,5.8,7.2,12,26,500,700,65,80,ClayLoam
Rice,5.0,6.5,20,35,1000,2500,80,95,Clay
Rice,4.8,6.8,18,32,1200,2800,75,90,SiltyClay
Rice,5.2,6.2,22,38,800,2200,85,98,Clay
Corn,5.8,7.0,15,30,500,800,50,70,Loam
Corn,5.5,7.2,18,35,600,900,55,75,SiltLoam
Corn,6.0,7.5,12,28,400,700,45,65,SandyLoam
Soybean,6.0,6.8,15,30,500,700,60,80,Loam
Soybean,5.8,7.0,10,25,450,650,55,75,SandyLoam
Soybean,5.5,7.2,20,35,550,750,65,85,ClayLoam
Potato,4.8,5.5,15,20,500,700,70,85,SandyLoam
Potato,5.0,6.0,12,22,450,650,65,80,Loam
Potato,4.5,5.8,10,18,550,750,75,90,SandyLoam
Tomato,5.5,6.8,18,28,600,900,60,75,Loam
Tomato,5.8,7.0,20,35,500,800,55,70,SandyLoam
Tomato,5.0,6.5,15,25,700,1000,65,80,ClayLoam
Banana,5.5,7.0,25,35,2000,2500,75,90,SandyLoam
Banana,5.8,7.2,22,38,1800,2800,70,85,Loam
Banana,5.0,6.5,20,32,2200,3000,80,95,ClayLoam
Apple,5.0,6.5,7,25,500,1500,50,80,Loam
Apple,5.5,7.0,5,22,600,1200,45,75,SandyLoam
Apple,4.8,6.8,10,28,400,1000,55,85,ClayLoam
Orange,6.0,8.0,10,40,800,2000,60,90,SandyLoam
Orange,5.5,7.5,12,35,700,1800,65,85,Loam
Orange,6.5,8.5,8,30,900,2200,55,80,ClayLoam
Grape,5.5,7.5,15,35,600,1200,50,80,Loam
Grape,6.0,7.0,10,30,500,1000,45,75,SandyLoam
Grape,5.0,6.5,18,40,700,1500,60,90,ClayLoam
Coffee,4.5,6.0,15,24,1500,2000,70,85,SandyLoam
Coffee,5.0,6.5,18,30,1200,1800,65,80,Loam
Coffee,4.0,5.5,20,35,1600,2400,75,95,ClayLoam
Cocoa,5.0,7.0,25,28,1500,2500,80,90,SandyLoam
Cocoa,5.5,7.5,22,30,1300,2200,75,85,Loam
Cocoa,4.8,6.5,24,32,1700,2800,85,95,ClayLoam
Mango,5.5,7.5,24,30,800,2500,50,80,SandyLoam
Mango,6.0,8.0,20,35,700,2000,55,75,Loam
Mango,5.0,6.5,22,38,900,3000,60,90,ClayLoam
Pineapple,4.5,5.5,22,32,1000,1500,60,80,SandyLoam
Pineapple,4.0,6.0,20,35,800,1200,55,75,Loam
Pineapple,5.0,6.5,25,40,1200,1800,65,85,ClayLoam
Avocado,5.0,7.0,15,30,800,1200,60,75,Loam
Avocado,5.5,7.5,12,28,700,1000,55,70,SandyLoam
Avocado,4.5,6.5,18,35,900,1500,65,80,ClayLoam
Olive,6.0,8.0,15,25,300,700,50,70,Loam
Olive,5.5,7.5,10,30,400,800,45,65,SandyLoam
Olive,6.5,8.5,18,35,200,600,55,75,ClayLoam
Almond,6.0,7.5,15,30,500,800,40,60,Loam
Almond,5.5,7.0,10,25,400,700,35,55,SandyLoam
Almond,6.5,8.0,18,35,600,900,45,65,ClayLoam
Strawberry,5.5,6.5,10,26,600,800,60,75,SandyLoam
Strawberry,5.0,6.8,8,22,500,700,55,70,Loam
Strawberry,6.0,7.0,12,30,700,900,65,80,ClayLoam
Blueberry,4.0,5.0,15,25,1000,1500,70,80,Peat
Blueberry,4.5,5.5,18,30,800,1200,65,75,SandyLoam
Blueberry,3.5,4.5,10,20,1200,1800,75,85,Loam
Rubber,5.0,6.0,25,32,2000,3000,80,90,SandyLoam
Rubber,4.8,6.2,22,35,1800,2800,75,85,Loam
Rubber,5.5,6.5,28,40,2200,3500,85,95,ClayLoam
Tea,4.0,5.5,15,25,1500,3000,80,95,SandyLoam
Tea,4.5,6.0,18,30,1200,2500,75,90,Loam
Tea,3.5,5.0,10,22,1800,3500,85,98,ClayLoam
Sugarcane,6.0,7.5,25,35,1500,2500,70,90,Loam
Sugarcane,5.5,8.0,22,40,1200,2200,65,85,ClayLoam
Sugarcane,6.5,8.5,28,45,1800,3000,75,95,SandyLoam
Cotton,5.5,8.0,20,35,500,1000,50,70,Loam
Cotton,6.0,8.5,25,40,400,800,45,65,SandyLoam
Cotton,5.0,7.5,18,30,600,1200,55,75,ClayLoam
Durian,5.0,6.5,24,33,1500,2500,85,95,ClayLoam
Durian,5.2,6.8,22,35,1800,2800,80,90,Loam
Durian,4.8,6.2,26,40,2000,3000,88,98,SandyLoam
Rambutan,5.5,6.5,25,35,2000,3000,80,90,SandyLoam
Rambutan,5.0,7.0,22,32,1800,2800,75,85,Loam
Rambutan,6.0,7.0,28,38,2200,3500,85,95,ClayLoam
Mangosteen,5.0,6.0,25,35,2000,3000,85,95,ClayLoam
Mangosteen,4.8,5.8,22,32,1800,2800,80,90,Loam
Mangosteen,5.2,6.2,28,40,2200,3500,88,98,SandyLoam
Jackfruit,6.0,7.5,25,35,1500,2500,70,85,SandyLoam
Jackfruit,5.5,7.0,22,32,1200,2200,65,80,Loam
Jackfruit,6.5,8.0,28,40,1800,3000,75,90,ClayLoam
Lychee,5.0,6.5,20,35,1200,1500,70,90,Loam
Lychee,5.5,7.0,18,30,1000,1400,65,85,SandyLoam
Lychee,4.5,6.0,22,40,1400,1800,75,95,ClayLoam
Longan,5.5,6.5,20,30,1500,2000,70,85,Loam
Longan,5.0,7.0,18,28,1300,1800,65,80,SandyLoam
Longan,6.0,7.0,22,35,1700,2200,75,90,ClayLoam
Guava,4.5,7.0,23,30,1000,2000,60,85,SandyLoam
Guava,5.0,7.5,20,28,800,1800,55,75,Loam
Guava,4.0,6.5,25,35,1200,2500,65,90,ClayLoam
PassionFruit,6.0,7.5,20,30,1500,2500,70,85,SandyLoam
PassionFruit,5.5,7.0,18,28,1200,2200,65,80,Loam
PassionFruit,6.5,8.0,22,35,1800,3000,75,95,ClayLoam
DragonFruit,6.0,7.0,20,30,500,1500,60,80,SandyLoam
DragonFruit,5.5,6.5,18,28,400,1200,55,75,Loam
DragonFruit,6.5,7.5,22,35,600,1800,65,85,ClayLoam
Pomegranate,5.5,7.5,18,35,500,800,50,70,Loam
Pomegranate,6.0,8.0,15,30,400,700,45,65,SandyLoam
Pomegranate,5.0,7.0,20,40,600,900,55,75,ClayLoam
Kiwi,5.5,7.0,15,25,1000,1500,70,80,Loam
Kiwi,6.0,7.5,10,22,800,1200,65,75,SandyLoam
Kiwi,5.0,6.5,18,30,1200,1800,75,85,ClayLoam
Fig,6.0,7.5,15,30,500,1000,50,70,Loam
Fig,5.5,7.0,12,25,400,800,45,65,SandyLoam
Fig,6.5,8.0,18,35,600,1200,55,75,ClayLoam
Persimmon,6.0,7.5,15,25,800,1200,60,80,Loam
Persimmon,5.5,7.0,10,22,600,1000,55,75,SandyLoam
Persimmon,6.5,8.0,18,30,1000,1500,65,85,ClayLoam
DatePalm,8.0,11.0,25,40,100,300,30,50,Sandy
DatePalm,7.5,10.5,22,38,80,250,25,45,Loam
DatePalm,8.5,11.5,28,45,120,350,35,55,ClayLoam
Coconut,5.0,8.0,20,40,800,2500,60,90,SandyLoam
Coconut,4.5,7.5,18,35,600,2000,55,85,Loam
Coconut,5.5,8.5,25,45,1000,3000,65,95,ClayLoam
Papaya,5.5,6.5,25,35,1000,2000,60,85,SandyLoam
Papaya,5.0,7.0,22,32,800,1800,55,80,Loam
Papaya,6.0,7.0,28,40,1200,2500,65,90,ClayLoam
Cashew,5.0,6.5,25,35,800,1500,60,80,SandyLoam
Cashew,4.5,6.0,22,32,600,1200,55,75,Loam
Cashew,5.5,7.0,28,40,1000,1800,65,85,ClayLoam
Pistachio,7.0,8.0,15,30,300,500,40,60,SandyLoam
Pistachio,6.5,7.5,10,25,200,400,35,55,Loam
Pistachio,7.5,8.5,20,35,400,600,45,65,ClayLoam
Macadamia,5.0,6.5,15,30,1000,2000,60,80,Loam
Macadamia,4.5,6.0,12,25,800,1800,55,75,SandyLoam
Macadamia,5.5,7.0,18,35,1200,2500,65,85,ClayLoam
Pecan,6.0,7.0,20,35,800,1500,60,80,Loam
Pecan,5.5,6.5,15,30,600,1200,55,75,SandyLoam
Pecan,6.5,7.5,25,40,1000,1800,65,85,ClayLoam
Walnut,6.0,7.5,15,28,700,1200,50,70,Loam
Walnut,5.5,7.0,10,25,500,1000,45,65,SandyLoam
Walnut,6.5,8.0,18,35,900,1500,55,75,ClayLoam
Hazelnut,6.0,7.0,15,25,800,1200,50,70,ClayLoam
Hazelnut,5.5,6.5,10,22,600,1000,45,65,Loam
Hazelnut,6.5,7.5,18,30,1000,1500,55,75,SandyLoam
Chestnut,5.5,6.5,15,25,800,1200,60,80,Loam
Chestnut,5.0,6.0,10,22,600,1000,55,75,SandyLoam
Chestnut,6.0,7.0,18,30,1000,1500,65,85,ClayLoam
Quinoa,6.0,8.5,15,25,300,500,40,60,Loam
Quinoa,5.8,7.8,12,22,350,550,45,65,SandyLoam
Quinoa,5.5,7.0,18,28,250,450,35,55,ClayLoam
Amaranth,6.0,7.5,18,30,400,600,50,70,Loam
Amaranth,5.8,7.0,15,25,450,650,55,75,SandyLoam
Amaranth,6.2,7.8,20,32,350,550,45,65,ClayLoam
Buckwheat,5.0,7.0,15,25,500,800,55,75,Loam
Buckwheat,4.8,6.5,12,22,550,850,60,80,SandyLoam
Buckwheat,5.5,7.5,18,28,450,750,50,70,ClayLoam
Lentil,5.5,7.0,10,25,400,650,45,65,Loam
Lentil,6.0,7.5,8,22,450,700,50,70,SandyLoam
Lentil,5.0,6.5,12,28,350,600,40,60,ClayLoam
Chickpea,6.0,7.5,15,30,350,600,40,60,Loam
Chickpea,5.5,7.0,12,25,400,650,45,65,SandyLoam
Chickpea,6.5,8.0,18,35,300,550,35,55,ClayLoam
Pea,6.0,7.5,7,24,450,750,60,80,Loam
Pea,5.5,7.0,5,20,500,800,65,85,SandyLoam
Pea,6.5,8.0,10,28,400,700,55,75,ClayLoam
FavaBean,6.0,7.0,5,20,500,800,65,85,Loam
FavaBean,5.5,6.5,8,22,550,850,70,90,SandyLoam
FavaBean,6.5,7.5,3,18,450,750,60,80,ClayLoam
Carrot,5.5,7.0,15,25,500,800,60,80,Loam
Carrot,6.0,7.5,12,22,550,850,65,85,SandyLoam
Carrot,5.0,6.5,18,28,450,750,55,75,ClayLoam
Beetroot,6.0,7.5,10,25,450,700,55,75,Loam
Beetroot,5.5,7.0,15,30,500,750,60,80,SandyLoam
Beetroot,6.5,8.0,8,22,400,650,50,70,ClayLoam
Radish,5.8,7.0,10,22,400,600,60,80,Loam
Radish,6.0,7.5,8,20,450,650,65,85,SandyLoam
Radish,5.5,6.8,12,25,350,550,55,75,ClayLoam
SweetPotato,5.5,6.5,20,30,750,1200,70,90,Loam
SweetPotato,6.0,7.0,18,28,800,1300,75,95,SandyLoam
SweetPotato,5.0,6.0,22,35,700,1100,65,85,ClayLoam
Lettuce,6.0,7.0,7,24,500,800,60,80,Loam
Lettuce,5.5,6.5,10,28,550,850,65,85,SandyLoam
Lettuce,6.5,7.5,5,20,450,750,55,75,ClayLoam
Spinach,6.0,7.5,10,22,450,700,65,85,Loam
Spinach,5.5,7.0,15,25,500,750,70,90,SandyLoam
Spinach,6.5,8.0,8,20,400,650,60,80,ClayLoam
Kale,5.5,6.8,5,25,400,650,55,75,Loam
Kale,6.0,7.5,8,22,450,700,60,80,SandyLoam
Kale,5.0,6.5,10,28,350,600,50,70,ClayLoam
SwissChard,6.0,7.0,10,27,500,750,60,80,Loam
SwissChard,5.5,6.5,15,30,550,800,65,85,SandyLoam
SwissChard,6.5,7.5,8,25,450,700,55,75,ClayLoam
Broccoli,6.0,7.0,7,24,600,900,65,85,Loam
Broccoli,5.5,6.5,10,28,650,950,70,90,SandyLoam
Broccoli,6.5,7.5,5,20,550,850,60,80,ClayLoam
Cauliflower,6.0,7.5,7,22,550,850,60,80,Loam
Cauliflower,5.5,7.0,10,25,600,900,65,85,SandyLoam
Cauliflower,6.5,8.0,5,20,500,800,55,75,ClayLoam
Cabbage,6.0,7.5,5,25,500,800,65,85,Loam
Cabbage,5.5,7.0,8,28,550,850,70,90,SandyLoam
Cabbage,6.5,8.0,3,22,450,750,60,80,ClayLoam
BrusselsSprouts,6.0,7.0,7,20,550,850,70,90,Loam
BrusselsSprouts,5.5,6.5,10,25,600,900,75,95,SandyLoam
BrusselsSprouts,6.5,7.5,5,18,500,800,65,85,ClayLoam
Eggplant,5.5,6.5,20,30,600,900,60,80,Loam
Eggplant,6.0,7.0,18,28,700,1000,65,85,SandyLoam
Eggplant,5.0,6.0,22,35,500,800,55,75,ClayLoam
Okra,6.0,7.5,25,35,500,800,65,85,SandyLoam
Okra,5.5,7.0,22,38,600,900,70,90,Loam
Okra,6.5,8.0,28,40,400,700,60,80,ClayLoam
Artichoke,6.0,7.5,15,25,600,900,60,80,Loam
Artichoke,5.5,7.0,18,30,700,1000,65,85,SandyLoam
Artichoke,6.5,8.0,12,22,500,800,55,75,ClayLoam
Asparagus,6.5,7.5,15,25,500,800,60,80,ClayLoam
Asparagus,6.0,7.0,18,30,600,900,65,85,Loam
Asparagus,7.0,8.0,12,22,400,700,55,75,SandyLoam
Jute,6.0,7.5,25,35,1500,2500,70,90,Loam
Jute,5.5,7.0,22,38,1700,2700,75,95,SandyLoam
Jute,6.5,8.0,28,40,1300,2300,65,85,ClayLoam
Hemp,6.0,7.5,15,27,500,900,55,75,SandyLoam
Hemp,5.5,7.0,18,32,600,1000,60,80,Loam
Hemp,6.5,8.0,12,25,400,800,50,70,ClayLoam
Flax,5.5,7.0,10,25,400,700,50,70,Loam
Flax,6.0,7.5,8,22,500,800,55,75,SandyLoam
Flax,5.0,6.5,12,28,300,600,45,65,ClayLoam
Tobacco,5.8,6.5,20,30,600,1000,60,80,ClayLoam
Tobacco,6.0,7.0,18,28,700,1100,65,85,Loam
Tobacco,5.5,6.0,22,35,500,900,55,75,SandyLoam
Rose,5.5,7.0,15,28,600,1200,50,80,Loam
Rose,6.0,7.5,12,25,500,1000,45,75,SandyLoam
Rose,5.0,6.5,18,30,700,1500,55,85,ClayLoam
Tulip,6.0,7.0,5,18,400,800,50,70,Loam
Tulip,5.5,6.5,8,20,450,850,55,75,SandyLoam
Tulip,6.5,7.5,3,15,350,750,45,65,ClayLoam
Sunflower,6.0,7.5,18,30,500,1000,40,70,Loam
Sunflower,5.5,7.0,15,28,600,1100,45,75,SandyLoam
Sunflower,6.5,8.0,20,35,400,900,35,65,ClayLoam
Lavender,6.5,8.0,15,25,300,600,40,60,SandyLoam
Lavender,6.0,7.5,18,28,400,700,45,65,Loam
Lavender,7.0,8.5,12,22,200,500,35,55,ClayLoam
Orchid,5.0,6.0,18,28,1000,2000,70,90,Peat
Orchid,4.5,5.5,20,30,1200,2200,75,95,SandyLoam
Orchid,5.5,6.5,15,25,800,1800,65,85,Loam
Marigold,5.5,7.0,15,30,400,800,50,75,Loam
Marigold,6.0,7.5,12,28,500,900,55,80,SandyLoam
Marigold,5.0,6.5,18,35,300,700,45,70,ClayLoam
Daisy,6.0,7.0,10,25,500,900,50,75,Loam
Daisy,5.5,6.5,12,28,600,1000,55,80,SandyLoam
Daisy,6.5,7.5,8,22,400,800,45,70,ClayLoam
Lily,5.5,6.5,15,25,600,1000,60,80,Loam
Lily,6.0,7.0,12,22,700,1100,65,85,SandyLoam
Lily,5.0,6.0,18,28,500,900,55,75,ClayLoam
Peony,6.0,7.0,10,20,500,800,50,70,Loam
Peony,5.5,6.5,12,22,600,900,55,75,SandyLoam
Peony,6.5,7.5,8,18,400,700,45,65,ClayLoam
Chrysanthemum,6.0,7.0,15,25,500,900,50,75,Loam
Chrysanthemum,5.5,6.5,18,28,600,1000,55,80,SandyLoam
Chrysanthemum,6.5,7.5,12,22,400,800,45,70,ClayLoam
Basil,5.5,6.5,20,30,600,1000,50,70,Loam
Basil,6.0,7.0,18,28,700,1100,55,75,SandyLoam
Basil,5.0,6.0,22,35,500,900,45,65,ClayLoam
Mint,6.0,7.0,15,25,700,1200,60,80,Loam
Mint,5.5,6.5,18,28,800,1300,65,85,SandyLoam
Mint,6.5,7.5,12,22,600,1100,55,75,ClayLoam
Rosemary,6.0,7.5,15,25,300,600,40,60,SandyLoam
Rosemary,5.5,7.0,18,28,400,700,45,65,Loam
Rosemary,6.5,8.0,12,22,200,500,35,55,ClayLoam
Thyme,6.5,8.0,15,25,200,500,40,60,SandyLoam
Thyme,6.0,7.5,18,28,300,600,45,65,Loam
Thyme,7.0,8.5,12,22,100,400,35,55,ClayLoam
Saffron,6.0,8.0,15,25,300,500,40,60,SandyLoam
Saffron,5.5,7.5,18,28,400,600,45,65,Loam
Saffron,6.5,8.5,12,22,200,400,35,55,ClayLoam
Vanilla,6.0,7.0,20,30,1500,2500,80,95,Loam
Vanilla,5.5,6.5,22,32,1700,2700,85,100,SandyLoam
Vanilla,6.5,7.5,18,28,1300,2300,75,90,ClayLoam
Peppermint,6.0,7.0,15,25,700,1200,60,80,Loam
Peppermint,5.5,6.5,18,28,800,1300,65,85,SandyLoam
Peppermint,6.5,7.5,12,22,600,1100,55,75,ClayLoam
Lemongrass,5.5,7.5,20,35,1000,2000,60,85,Loam
Lemongrass,6.0,8.0,18,32,800,1800,55,80,SandyLoam
Lemongrass,5.0,7.0,22,38,1200,2500,65,90,ClayLoam
Ginger,5.5,6.5,20,30,1500,2500,70,90,Loam
Ginger,6.0,7.0,18,28,1700,2700,75,95,SandyLoam
Ginger,5.0,6.0,22,35,1300,2300,65,85,ClayLoam
Turmeric,5.5,7.5,20,35,1200,2200,70,90,Loam
Turmeric,6.0,8.0,18,32,1000,2000,65,85,SandyLoam
Turmeric,5.0,7.0,22,38,1400,2400,75,95,ClayLoam
Cinnamon,5.0,6.5,20,30,1500,2500,70,90,Loam
Cinnamon,4.5,6.0,22,32,1700,2700,75,95,SandyLoam
Cinnamon,5.5,7.0,18,28,1300,2300,65,85,ClayLoam
Cardamom,5.5,6.5,15,25,1500,2500,75,95,Loam
Cardamom,6.0,7.0,18,28,1700,2700,80,100,SandyLoam
Cardamom,5.0,6.0,12,22,1300,2300,70,90,ClayLoam
BlackPepper,5.0,6.5,20,35,2000,3000,75,95,Loam
BlackPepper,4.5,6.0,22,38,2200,3500,80,100,SandyLoam
BlackPepper,5.5,7.0,18,32,1800,2800,70,90,ClayLoam
Nutmeg,5.5,6.5,20,30,2000,3000,75,95,Loam
Nutmeg,6.0,7.0,18,28,2200,3500,80,100,SandyLoam
Nutmeg,5.0,6.0,22,35,1800,2800,70,90,ClayLoam
Clove,5.0,6.0,20,30,2000,3000,75,95,Loam
Clove,4.5,5.5,22,35,2200,3500,80,100,SandyLoam
Clove,5.5,6.5,18,28,1800,2800,70,90,ClayLoam
Cumin,6.0,7.5,15,30,300,500,40,60,Loam
Cumin,5.5,7.0,18,35,400,600,45,65,SandyLoam
Cumin,6.5,8.0,12,25,200,400,35,55,ClayLoam
Coriander,6.0,7.0,15,25,500,800,50,70,Loam
Coriander,5.5,6.5,18,28,600,900,55,75,SandyLoam
Coriander,6.5,7.5,12,22,400,700,45,65,ClayLoam
Fennel,6.0,7.5,15,25,400,700,50,70,Loam
Fennel,5.5,7.0,18,28,500,800,55,75,SandyLoam
Fennel,6.5,8.0,12,22,300,600,45,65,ClayLoam
Dill,5.5,6.5,15,25,500,800,50,70,Loam
Dill,6.0,7.0,12,22,600,900,55,75,SandyLoam
Dill,5.0,6.0,18,28,400,700,45,65,ClayLoam
Parsley,6.0,7.0,15,25,500,800,60,80,Loam
Parsley,5.5,6.5,18,28,600,900,65,85,SandyLoam
Parsley,6.5,7.5,12,22,400,700,55,75,ClayLoam
Sage,6.0,7.5,15,25,300,600,40,60,SandyLoam
Sage,5.5,7.0,18,28,400,700,45,65,Loam
Sage,6.5,8.0,12,22,200,500,35,55,ClayLoam
Oregano,6.5,8.0,15,25,200,500,40,60,SandyLoam
Oregano,6.0,7.5,18,28,300,600,45,65,Loam
Oregano,7.0,8.5,12,22,100,400,35,55,ClayLoam
Tarragon,6.0,7.5,15,25,400,700,50,70,Loam
Tarragon,5.5,7.0,18,28,500,800,55,75,SandyLoam
Tarragon,6.5,8.0,12,22,300,600,45,65,ClayLoam
BayLeaf,6.0,7.5,15,25,500,800,50,70,Loam
BayLeaf,5.5,7.0,18,28,600,900,55,75,SandyLoam
BayLeaf,6.5,8.0,12,22,400,700,45,65,ClayLoam
Chamomile,5.5,7.0,15,25,500,800,50,70,Loam
Chamomile,6.0,7.5,12,22,600,900,55,75,SandyLoam
Chamomile,5.0,6.5,18,28,400,700,45,65,ClayLoam
Echinacea,6.0,7.0,15,25,500,800,50,70,Loam
Echinacea,5.5,6.5,18,28,600,900,55,75,SandyLoam
Echinacea,6.5,7.5,12,22,400,700,45,65,ClayLoam
Calendula,6.0,7.0,15,25,500,800,50,70,Loam
Calendula,5.5,6.5,18,28,600,900,55,75,SandyLoam
Calendula,6.5,7.5,12,22,400,700,45,65,ClayLoam
Yarrow,6.0,7.5,15,25,300,600,40,60,SandyLoam
Yarrow,5.5,7.0,18,28,400,700,45,65,Loam
Yarrow,6.5,8.0,12,22,200,500,35,55,ClayLoam
Jasmine,6.0,7.5,18,30,800,1500,60,85,Loam
Jasmine,5.5,7.0,20,35,900,1600,65,90,SandyLoam
Jasmine,6.5,8.0,15,25,700,1400,55,80,ClayLoam
Hibiscus,6.0,7.0,20,35,1000,2000,60,85,Loam
Hibiscus,5.5,6.5,22,38,1200,2200,65,90,SandyLoam
Hibiscus,6.5,7.5,18,32,800,1800,55,80,ClayLoam
Geranium,6.0,7.0,15,25,500,800,50,70,Loam
Geranium,5.5,6.5,18,28,600,900,55,75,SandyLoam
Geranium,6.5,7.5,12,22,400,700,45,65,ClayLoam
Pansy,5.5,6.5,10,20,500,800,50,70,Loam
Pansy,6.0,7.0,8,18,600,900,55,75,SandyLoam
Pansy,5.0,6.0,12,22,400,700,45,65,ClayLoam
Petunia,6.0,7.0,15,25,500,800,50,70,Loam
Petunia,5.5,6.5,18,28,600,900,55,75,SandyLoam
Petunia,6.5,7.5,12,22,400,700,45,65,ClayLoam
Zinnia,5.5,7.0,18,30,500,900,50,75,Loam
Zinnia,6.0,7.5,15,28,600,1000,55,80,SandyLoam
Zinnia,5.0,6.5,20,35,400,800,45,70,ClayLoam
Dahlia,6.0,7.0,15,25,600,1000,50,75,Loam
Dahlia,5.5,6.5,18,28,700,1100,55,80,SandyLoam
Dahlia,6.5,7.5,12,22,500,900,45,70,ClayLoam
Begonia,5.5,6.5,18,28,600,1000,60,80,Loam
Begonia,6.0,7.0,15,25,700,1100,65,85,SandyLoam
Begonia,5.0,6.0,20,30,500,900,55,75,ClayLoam
Snapdragon,6.0,7.0,12,22,500,800,50,70,Loam
Snapdragon,5.5,6.5,15,25,600,900,55,75,SandyLoam
Snapdragon,6.5,7.5,10,20,400,700,45,65,ClayLoam
Foxglove,6.0,7.0,12,22,600,1000,50,70,Loam
Foxglove,5.5,6.5,15,25,700,1100,55,75,SandyLoam
Foxglove,6.5,7.5,10,20,500,900,45,65,ClayLoam
Aster,6.0,7.0,15,25,500,800,50,70,Loam
Aster,5.5,6.5,18,28,600,900,55,75,SandyLoam
Aster,6.5,7.5,12,22,400,700,45,65,ClayLoam
Carnation,6.0,7.0,15,25,500,800,50,70,Loam
Carnation,5.5,6.5,18,28,600,900,55,75,SandyLoam
Carnation,6.5,7.5,12,22,400,700,45,65,ClayLoam
Iris,6.0,7.0,10,20,500,800,50,70,Loam
Iris,5.5,6.5,12,22,600,900,55,75,SandyLoam
Iris,6.5,7.5,8,18,400,700,45,65,ClayLoam
Gladiolus,6.0,7.0,15,25,600,1000,50,75,Loam
Gladiolus,5.5,6.5,18,28,700,1100,55,80,SandyLoam
Gladiolus,6.5,7.5,12,22,500,900,45,70,ClayLoam
Hydrangea,5.0,6.0,15,25,800,1500,60,80,Loam
Hydrangea,4.5,5.5,18,28,900,1600,65,85,SandyLoam
Hydrangea,5.5,6.5,12,22,700,1400,55,75,ClayLoam
Azalea,4.5,6.0,15,25,800,1500,60,80,Peat
Azalea,4.0,5.5,18,28,900,1600,65,85,SandyLoam
Azalea,5.0,6.5,12,22,700,1400,55,75,Loam
Rhododendron,4.5,6.0,15,25,800,1500,60,80,Peat
Rhododendron,4.0,5.5,18,28,900,1600,65,85,SandyLoam
Rhododendron,5.0,6.5,12,22,700,1400,55,75,Loam
Camellia,5.0,6.5,15,25,800,1500,60,80,Loam
Camellia,4.5,6.0,18,28,900,1600,65,85,SandyLoam
Camellia,5.5,7.0,12,22,700,1400,55,75,ClayLoam
Magnolia,5.5,6.5,15,25,800,1500,60,80,Loam
Magnolia,6.0,7.0,12,22,900,1600,65,85,SandyLoam
Magnolia,5.0,6.0,18,28,700,1400,55,75,ClayLoam
Wisteria,6.0,7.0,15,25,600,1000,50,75,Loam
Wisteria,5.5,6.5,18,28,700,1100,55,80,SandyLoam
Wisteria,6.5,7.5,12,22,500,900,45,70,ClayLoam
Clematis,6.0,7.0,15,25,600,1000,50,75,Loam
Clematis,5.5,6.5,18,28,700,1100,55,80,SandyLoam
Clematis,6.5,7.5,12,22,500,900,45,70,ClayLoam
Bougainvillea,5.5,6.5,20,35,500,1000,50,75,Loam
Bougainvillea,6.0,7.0,18,32,600,1100,55,80,SandyLoam
Bougainvillea,5.0,6.0,22,38,400,900,45,70,ClayLoam
Honeysuckle,6.0,7.5,15,25,600,1000,50,75,Loam
Honeysuckle,5.5,7.0,18,28,700,1100,55,80,SandyLoam
Honeysuckle,6.5,8.0,12,22,500,900,45,70,ClayLoam
MorningGlory,6.0,7.0,18,30,500,900,50,75,Loam
MorningGlory,5.5,6.5,20,35,600,1000,55,80,SandyLoam
MorningGlory,6.5,7.5,15,25,400,800,45,70,ClayLoam
Nasturtium,6.0,7.0,15,25,500,800,50,70,Loam
Nasturtium,5.5,6.5,18,28,600,900,55,75,SandyLoam
Nasturtium,6.5,7.5,12,22,400,700,45,65,ClayLoam
Poppy,6.0,7.0,12,22,400,700,50,70,Loam
Poppy,5.5,6.5,15,25,500,800,55,75,SandyLoam
Poppy,6.5,7.5,10,20,300,600,45,65,ClayLoam
SweetPea,6.0,7.0,12,22,500,800,50,70,Loam
SweetPea,5.5,6.5,15,25,600,900,55,75,SandyLoam
SweetPea,6.5,7.5,10,20,400,700,45,65,ClayLoam
Cosmos,6.0,7.0,18,30,500,900,50,75,Loam
Cosmos,5.5,6.5,20,35,600,1000,55,80,SandyLoam
Cosmos,6.5,7.5,15,25,400,800,45,70,ClayLoam
Verbena,6.0,7.5,15,25,400,700,50,70,Loam
Verbena,5.5,7.0,18,28,500,800,55,75,SandyLoam
Verbena,6.5,8.0,12,22,300,600,45,65,ClayLoam
Salvia,6.0,7.5,15,25,300,600,40,60,SandyLoam
Salvia,5.5,7.0,18,28,400,700,45,65,Loam
Salvia,6.5,8.0,12,22,200,500,35,55,ClayLoam
Coreopsis,6.0,7.0,15,25,500,800,50,70,Loam
Coreopsis,5.5,6.5,18,28,600,900,55,75,SandyLoam
Coreopsis,6.5,7.5,12,22,400,700,45,65,ClayLoam
BlackEyedSusan,6.0,7.5,18,30,500,900,50,75,Loam
BlackEyedSusan,5.5,7.0,20,35,600,1000,55,80,SandyLoam
BlackEyedSusan,6.5,8.0,15,25,400,800,45,70,ClayLoam
Gaillardia,6.0,7.5,15,25,300,600,40,60,SandyLoam
Gaillardia,5.5,7.0,18,28,400,700,45,65,Loam
Gaillardia,6.5,8.0,12,22,200,500,35,55,ClayLoam
Eucalyptus,6.0,7.5,15,35,500,1200,40,70,Loam
Eucalyptus,5.5,7.0,18,40,600,1300,45,75,SandyLoam
Eucalyptus,6.5,8.0,12,30,400,1100,35,65,ClayLoam
Bamboo,5.0,6.5,15,35,1000,2500,60,90,Loam
Bamboo,4.5,6.0,18,40,1200,2800,65,95,SandyLoam
Bamboo,5.5,7.0,12,30,800,2200,55,85,ClayLoam
Willow,5.5,7.5,10,30,800,2000,50,80,Loam
Willow,6.0,8.0,8,25,900,2200,55,85,SandyLoam
Willow,5.0,7.0,12,35,700,1800,45,75,ClayLoam
Pine,5.0,6.5,5,25,500,1500,40,70,Loam
Pine,4.5,6.0,8,30,600,1600,45,75,SandyLoam
Pine,5.5,7.0,3,20,400,1400,35,65,ClayLoam
Oak,5.5,7.0,10,30,600,1500,50,80,Loam
Oak,6.0,7.5,8,25,700,1600,55,85,SandyLoam
Oak,5.0,6.5,12,35,500,1400,45,75,ClayLoam
Maple,6.0,7.5,10,25,700,1500,50,80,Loam
Maple,5.5,7.0,12,30,800,1600,55,85,SandyLoam
Maple,6.5,8.0,8,20,600,1400,45,75,ClayLoam
Birch,5.5,6.5,5,25,600,1200,50,80,Loam
Birch,6.0,7.0,8,22,700,1300,55,85,SandyLoam
Birch,5.0,6.0,12,28,500,1100,45,75,ClayLoam
Cherry,6.0,7.0,10,25,600,1200,50,80,Loam
Cherry,5.5,6.5,12,28,700,1300,55,85,SandyLoam
Cherry,6.5,7.5,8,22,500,1100,45,75,ClayLoam
Peach,6.0,7.0,10,25,600,1200,50,80,Loam
Peach,5.5,6.5,12,28,700,1300,55,85,SandyLoam
Peach,6.5,7.5,8,22,500,1100,45,75,ClayLoam
Plum,6.0,7.0,10,25,600,1200,50,80,Loam
Plum,5.5,6.5,12,28,700,1300,55,85,SandyLoam
Plum,6.5,7.5,8,22,500,1100,45,75,ClayLoam
Pear,6.0,7.0,10,25,600,1200,50,80,Loam
Pear,5.5,6.5,12,28,700,1300,55,85,SandyLoam
Pear,6.5,7.5,8,22,500,1100,45,75,ClayLoam
Apricot,6.0,7.0,10,25,600,1200,50,80,Loam
Apricot,5.5,6.5,12,28,700,1300,55,85,SandyLoam
Apricot,6.5,7.5,8,22,500,1100,45,75,ClayLoam
Nectarine,6.0,7.0,10,25,600,1200,50,80,Loam
Nectarine,5.5,6.5,12,28,700,1300,55,85,SandyLoam
Nectarine,6.5,7.5,8,22,500,1100,45,75,ClayLoam
AloeVera,7.0,8.5,20,35,200,500,30,60,SandyLoam
AloeVera,6.5,8.0,22,38,300,600,35,65,Loam
AloeVera,7.5,9.0,18,32,100,400,25,55,ClayLoam
Agave,6.5,8.0,15,35,200,500,30,60,SandyLoam
Agave,6.0,7.5,18,40,300,600,35,65,Loam
Agave,7.0,8.5,12,30,100,400,25,55,ClayLoam
Yucca,6.5,8.0,15,35,200,500,30,60,SandyLoam
Yucca,6.0,7.5,18,40,300,600,35,65,Loam
Yucca,7.0,8.5,12,30,100,400,25,55,ClayLoam
Cactus,6.5,8.5,20,45,50,300,20,50,Sandy
Cactus,6.0,8.0,25,50,100,400,25,55,Loam
Cactus,7.0,9.0,15,40,0,200,15,45,ClayLoam
Succulent,6.0,7.5,15,35,100,400,30,60,SandyLoam
Succulent,5.5,7.0,18,40,200,500,35,65,Loam
Succulent,6.5,8.0,12,30,0,300,25,55,ClayLoam